Workbook

Sheet Liste
A1: Numéro | B1: Nom | C1: Prénom | D1: Groupe | E1: Date | F1: Bac | G1: Lycée/etablissement
A3: 20150926 | B3: BAUDELET | C3: Geoffrey | D3: 2-B | E3: 35284 | F3: S | G3: Université Lille 1
A4: 20150927 | B4: BIGARD | C4: Samuel | D4: 2-C | E4: 35716 | F4: S | G4: Lycée Carnot
A5: 20150928 | B5: BISSON | C5: Julien | D5: 2-A | E5: 35499 | F5: S | G5: Lycée Diderot
A6: 20150929 | B6: BONTE | C6: Nicolas | D6: 2-A | E6: 34799 | F6: s | G6: Lycée Albert Chatelet
A7: 20150930 | B7: BOULNOIS | C7: Louis | D7: 2-A | E7: 35182 | F7: S | G7: Lycée A. Malraux
A8: 20150931 | B8: CHATELET | C8: Hadrien | D8: 2-B | E8: 36189 | F8: S | G8: Lycée MARGUERITE DE FLANDRE
A9: 20150932 | B9: CLEROT | C9: Jérémy | D9: 2-C | E9: 35782 | F9: S | G9: Université d'Artois - Site de Lens
A10: 20150933 | B10: CORNU | C10: Bastien | D10: 2-C | E10: 35509 | F10: STI2D | G10: Lycée Frédéric OZANAM
A11: 20150934 | B11: DACHY | C11: Remy | D11: 2-B | E11: 35108 | F11: S | G11: Lycée Albert Chatelet
A12: 20150935 | B12: DANGLETERRE | C12: Thomas | D12: 2-C | E12: 35699 | F12: S | G12: Lycée Arthur Rimbaud
A13: 20150936 | B13: DEBACKER | C13: Thomas | D13: 2-C | E13: 35638 | F13: s | G13: Lycée professionnel Léo Lagrange
A14: 20150937 | B14: DELBREUVE | C14: Benjamin | D14: 2-C | E14: 35785 | F14: S | G14: Lycée Jean Prouve
... A63: 20150986 | B63: WICART | C63: Melvin | D63: 2-B | E63: 35468 | F63: S | G63: Lycée Jean Monnet

Sheet Matieres
A1: Référence | B1: Nom Module | C1: Abréviation | D1: Coefficient | E1: UE | F1: Semestre
A2: M3101 | B2: Principes des systèmes d'exploitation | C2: SE-3 | D2: 2.5 | E2: UE31 | F2: S3
A3: M3102 | B3: Services réseaux | C3: RX-2 | D3: 1.5 | E3: UE31 | F3: S3
A4: M3103 | B4: Algorithmique avancée | C4: APA | D4: 1.5 | E4: UE31 | F4: S3
A5: M3104 | B5: Programmation Web côté serveur | C5: Pweb-1 | D5: 2.5 | E5: UE31 | F5: S3
A6: M3105 | B6: Conception et programmation objet avancées | C6: CPA | D6: 2.5 | E6: UE31 | F6: S3
A7: M3106 | B7: Bases de données avancées | C7: BDA | D7: 1.5 | E7: UE31 | F7: S3
A8: M3201 | B8: Probabilités et statistiques | C8: Proba | D8: 2.5 | E8: UE32 | F8: S3
A9: M3202 | B9: Modélisations mathématiques | C9: ModMath | D9: 1.5 | E9: UE32 | F9: S3
A10: M3203 | B10: Droit des technologies de l’information et de la communication (TIC) | C10: Droit | D10: 1.5 | E10: UE32 | F10: S3
A11: M3204 | B11: Gestion des systèmes d'information | C11: GSI | D11: 2.5 | E11: UE32 | F11: S3
A12: M3205 | B12: Expression-Communication – Communication professionnelle | C12: Com | D12: 1.5 | E12: UE32 | F12: S3
A13: M3206 | B13: Collaborer en anglais | C13: Ang-3 | D13: 2.5 | E13: UE32 | F13: S3
... A16: M3303 | B16: PPP – Préciser son projet | C16: PPP-3 | D16: 1 | E16: UE33 | F16: S3
A19: UE31 | B19: Informatique Avancé | C19: =SUM(D2:D7) -> 12
A20: UE32 | B20: Culture scientifique, sociale et humaine avancées | C20: =SUM(D8:D13) -> 12
A21: UE33 | B21: Méthodologie et Projets | C21: =SUM(D14:D16) -> 6
A23: Département | B23: INFO
A24: Année | B24: INFO2
A25: Date début | B25: 42614
A26: Date de fin | B26: 31/06/2017
A27: Semestre | B27: S3

Sheet Detail Notes S3
A1: =Liste!A1 -> Numéro | B1: =Liste!B1 -> Nom | C1: =Liste!C1 -> Prénom | D1: =Liste!D1 -> Groupe | E1: M S3 | F1: Rang | G1: UE31 INFO | H1: UE32 CCG | I1: UE33 PT | J1: M3101 SE3 | K1: M3102 RX | L1: M3103 APA | M1: M3104 Pweb | N1: M3105 CPA | O1: M3106 BDA | P1: M3201 PROBA | Q1: M3202 ModMath | R1: M3203 Droit | S1: M3204 GSI | T1: M3205 Com | U1: M3206 Ang-3 | V1: M3301 ProdApp | W1: M3302 PT-3 | X1: M3303 PPP-3 | Y1: Bonus sport :note-10 | Z1: Nom
E2: =SUM(G2:I2) -> 30 | G2: =SUM($J$2:$O$2) -> 12 | H2: =SUM(P2:U2) -> 12 | I2: =SUM(V2:X2) -> 6 | J2: 2.5 | K2: 1.5 | L2: 1.5 | M2: 2.5 | N2: 2.5 | O2: 1.5 | P2: 2.5 | Q2: 1.5 | R2: 1.5 | S2: 2.5 | T2: 1.5 | U2: 2.5 | V2: 3 | W2: 2 | X2: 1
A3: =Liste!A3 -> 20150926 | B3: =Liste!B3 -> BAUDELET | C3: =Liste!C3 -> Geoffrey | D3: =Liste!D3 -> 2-B | E3: =($G$2*G3+$H$2*H3+$I$2*I3)/$E$2*(1+Y3/200) -> 12.685 | F3: =RANK(E3,$E$3:$E$63) -> 14 | G3: =($J$2*J3+$K$2*K3+$L$2*L3+$M$2*M3+$N$2*N3+$O$2*O3)/$G$2 -> 11.708333 | H3: =($P$2*P3+$Q$2*Q3+$R$2*R3+$S$2*S3+$T$2*T3+$U$2*U3)/$H$2 -> 13.120833 | I3: =($V$2*V3+$W$2*W3+$X$2*X3)/$I$2 -> 13.766667 | J3: =SE3!E3 -> 11.3 | K3: =RX2!E3 -> 13 | L3: =RANDBETWEEN(30,180)/10 -> 16.7 | M3: =RANDBETWEEN(30,180)/10 -> 5.3 | N3: =RANDBETWEEN(30,180)/10 -> 12.9 | O3: =RANDBETWEEN(30,180)/10 -> 14.8 | P3: =RANDBETWEEN(30,180)/10 -> 12.4 | Q3: =RANDBETWEEN(50,200)/10 -> 10.5 | R3: =RANDBETWEEN(50,200)/10 -> 18.1 | S3: =RANDBETWEEN(50,200)/10 -> 8.4 | T3: =RANDBETWEEN(50,200)/10 -> 14.7 | U3: =RANDBETWEEN(50,200)/10 -> 16.2 | V3: =RANDBETWEEN(50,200)/10 -> 12.1 | W3: =RANDBETWEEN(50,200)/10 -> 13.3 | X3: =RANDBETWEEN(50,200)/10 -> 19.7 | Z3: BAUDELET
A4: =Liste!A4 -> 20150927 | B4: =Liste!B4 -> BIGARD | C4: =Liste!C4 -> Samuel | D4: =Liste!D4 -> 2-C | E4: =($G$2*G4+$H$2*H4+$I$2*I4)/$E$2*(1+Y4/200) -> 11.985 | F4: =RANK(E4,$E$3:$E$63) -> 25 | G4: =($J$2*J4+$K$2*K4+$L$2*L4+$M$2*M4+$N$2*N4+$O$2*O4)/$G$2 -> 10.929167 | H4: =($P$2*P4+$Q$2*Q4+$R$2*R4+$S$2*S4+$T$2*T4+$U$2*U4)/$H$2 -> 12.291667 | I4: =($V$2*V4+$W$2*W4+$X$2*X4)/$I$2 -> 13.483333 | J4: =SE3!E4 -> 12.3 | K4: =RX2!E4 -> 16.4 | L4: =RANDBETWEEN(30,180)/10 -> 4.4 | M4: =RANDBETWEEN(30,180)/10 -> 16.2 | N4: =RANDBETWEEN(30,180)/10 -> 3.2 | O4: =RANDBETWEEN(30,180)/10 -> 13.8 | P4: =RANDBETWEEN(30,180)/10 -> 14.9 | Q4: =RANDBETWEEN(50,200)/10 -> 9.1 | R4: =RANDBETWEEN(50,200)/10 -> 11 | S4: =RANDBETWEEN(50,200)/10 -> 12.5 | T4: =RANDBETWEEN(50,200)/10 -> 5.4 | U4: =RANDBETWEEN(50,200)/10 -> 16.3 | V4: =RANDBETWEEN(50,200)/10 -> 13.8 | W4: =RANDBETWEEN(50,200)/10 -> 11.3 | X4: =RANDBETWEEN(50,200)/10 -> 16.9 | Z4: BIGARD
A5: =Liste!A5 -> 20150928 | B5: =Liste!B5 -> BISSON | C5: =Liste!C5 -> Julien | D5: =Liste!D5 -> 2-A | E5: =($G$2*G5+$H$2*H5+$I$2*I5)/$E$2*(1+Y5/200) -> 10.061667 | F5: =RANK(E5,$E$3:$E$63) -> 57 | G5: =($J$2*J5+$K$2*K5+$L$2*L5+$M$2*M5+$N$2*N5+$O$2*O5)/$G$2 -> 11.6 | H5: =($P$2*P5+$Q$2*Q5+$R$2*R5+$S$2*S5+$T$2*T5+$U$2*U5)/$H$2 -> 10.2875 | I5: =($V$2*V5+$W$2*W5+$X$2*X5)/$I$2 -> 6.5333333 | J5: =SE3!E5 -> 17.3 | K5: =RX2!E5 -> 15.3 | L5: =RANDBETWEEN(30,180)/10 -> 14.8 | M5: =RANDBETWEEN(30,180)/10 -> 5.5 | N5: =RANDBETWEEN(30,180)/10 -> 6.6 | O5: =RANDBETWEEN(30,180)/10 -> 13.7 | P5: =RANDBETWEEN(30,180)/10 -> 17.7 | Q5: =RANDBETWEEN(50,200)/10 -> 5 | R5: =RANDBETWEEN(50,200)/10 -> 7.2 | S5: =RANDBETWEEN(50,200)/10 -> 8 | T5: =RANDBETWEEN(50,200)/10 -> 18.1 | U5: =RANDBETWEEN(50,200)/10 -> 5.5 | V5: =RANDBETWEEN(50,200)/10 -> 5.7 | W5: =RANDBETWEEN(50,200)/10 -> 7.7 | X5: =RANDBETWEEN(50,200)/10 -> 6.7 | Z5: BISSON
A6: =Liste!A6 -> 20150929 | B6: =Liste!B6 -> BONTE | C6: =Liste!C6 -> Nicolas | D6: =Liste!D6 -> 2-A | E6: =($G$2*G6+$H$2*H6+$I$2*I6)/$E$2*(1+Y6/200) -> 11.786667 | F6: =RANK(E6,$E$3:$E$63) -> 31 | G6: =($J$2*J6+$K$2*K6+$L$2*L6+$M$2*M6+$N$2*N6+$O$2*O6)/$G$2 -> 7.7666667 | H6: =($P$2*P6+$Q$2*Q6+$R$2*R6+$S$2*S6+$T$2*T6+$U$2*U6)/$H$2 -> 14.525 | I6: =($V$2*V6+$W$2*W6+$X$2*X6)/$I$2 -> 14.35 | J6: =SE3!E6 -> 6 | K6: =RX2!E6 -> 9.4 | L6: =RANDBETWEEN(30,180)/10 -> 11.9 | M6: =RANDBETWEEN(30,180)/10 -> 8.9 | N6: =RANDBETWEEN(30,180)/10 -> 4.5 | O6: =RANDBETWEEN(30,180)/10 -> 8.5 | P6: =RANDBETWEEN(30,180)/10 -> 15.8 | Q6: =RANDBETWEEN(50,200)/10 -> 11.4 | R6: =RANDBETWEEN(50,200)/10 -> 14.3 | S6: =RANDBETWEEN(50,200)/10 -> 13.6 | T6: =RANDBETWEEN(50,200)/10 -> 9.5 | U6: =RANDBETWEEN(50,200)/10 -> 19.2 | V6: =RANDBETWEEN(50,200)/10 -> 16.2 | W6: =RANDBETWEEN(50,200)/10 -> 13.1 | X6: =RANDBETWEEN(50,200)/10 -> 11.3 | Z6: BONTE
A7: =Liste!A7 -> 20150930 | B7: =Liste!B7 -> BOULNOIS | C7: =Liste!C7 -> Louis | D7: =Liste!D7 -> 2-A | E7: =($G$2*G7+$H$2*H7+$I$2*I7)/$E$2*(1+Y7/200) -> 11.8507 | F7: =RANK(E7,$E$3:$E$63) -> 28 | G7: =($J$2*J7+$K$2*K7+$L$2*L7+$M$2*M7+$N$2*N7+$O$2*O7)/$G$2 -> 10.983333 | H7: =($P$2*P7+$Q$2*Q7+$R$2*R7+$S$2*S7+$T$2*T7+$U$2*U7)/$H$2 -> 11.629167 | I7: =($V$2*V7+$W$2*W7+$X$2*X7)/$I$2 -> 12.866667 | J7: =SE3!E7 -> 12.2 | K7: =RX2!E7 -> 19.9 | L7: =RANDBETWEEN(30,180)/10 -> 7.3 | M7: =RANDBETWEEN(30,180)/10 -> 3.7 | N7: =RANDBETWEEN(30,180)/10 -> 15.4 | O7: =RANDBETWEEN(30,180)/10 -> 8.5 | P7: =RANDBETWEEN(30,180)/10 -> 18 | Q7: =RANDBETWEEN(50,200)/10 -> 9.3 | R7: =RANDBETWEEN(50,200)/10 -> 19.9 | S7: =RANDBETWEEN(50,200)/10 -> 9.1 | T7: =RANDBETWEEN(50,200)/10 -> 8 | U7: =RANDBETWEEN(50,200)/10 -> 6.4 | V7: =RANDBETWEEN(50,200)/10 -> 9.6 | W7: =RANDBETWEEN(50,200)/10 -> 18.1 | X7: =RANDBETWEEN(50,200)/10 -> 12.2 | Y7: 4 | Z7: BOULNOIS
A8: =Liste!A8 -> 20150931 | B8: =Liste!B8 -> CHATELET | C8: =Liste!C8 -> Hadrien | D8: =Liste!D8 -> 2-B | E8: =($G$2*G8+$H$2*H8+$I$2*I8)/$E$2*(1+Y8/200) -> 12.246667 | F8: =RANK(E8,$E$3:$E$63) -> 21 | G8: =($J$2*J8+$K$2*K8+$L$2*L8+$M$2*M8+$N$2*N8+$O$2*O8)/$G$2 -> 11.716667 | H8: =($P$2*P8+$Q$2*Q8+$R$2*R8+$S$2*S8+$T$2*T8+$U$2*U8)/$H$2 -> 13.116667 | I8: =($V$2*V8+$W$2*W8+$X$2*X8)/$I$2 -> 11.566667 | J8: =SE3!E8 -> 16 | K8: =RX2!E8 -> 19 | L8: =RANDBETWEEN(30,180)/10 -> 11.9 | M8: =RANDBETWEEN(30,180)/10 -> 6.9 | N8: =RANDBETWEEN(30,180)/10 -> 4.9 | O8: =RANDBETWEEN(30,180)/10 -> 16.5 | P8: =RANDBETWEEN(30,180)/10 -> 6.7 | Q8: =RANDBETWEEN(50,200)/10 -> 14.2 | R8: =RANDBETWEEN(50,200)/10 -> 17.2 | S8: =RANDBETWEEN(50,200)/10 -> 9.9 | T8: =RANDBETWEEN(50,200)/10 -> 14.2 | U8: =RANDBETWEEN(50,200)/10 -> 19 | V8: =RANDBETWEEN(50,200)/10 -> 9.7 | W8: =RANDBETWEEN(50,200)/10 -> 11.9 | X8: =RANDBETWEEN(50,200)/10 -> 16.5 | Z8: CHATELET
A9: =Liste!A9 -> 20150932 | B9: =Liste!B9 -> CLEROT | C9: =Liste!C9 -> Jérémy | D9: =Liste!D9 -> 2-C | E9: =($G$2*G9+$H$2*H9+$I$2*I9)/$E$2*(1+Y9/200) -> 10.415 | F9: =RANK(E9,$E$3:$E$63) -> 55 | G9: =($J$2*J9+$K$2*K9+$L$2*L9+$M$2*M9+$N$2*N9+$O$2*O9)/$G$2 -> 10.270833 | H9: =($P$2*P9+$Q$2*Q9+$R$2*R9+$S$2*S9+$T$2*T9+$U$2*U9)/$H$2 -> 11.266667 | I9: =($V$2*V9+$W$2*W9+$X$2*X9)/$I$2 -> 9 | J9: =SE3!E9 -> 8.4 | K9: =RX2!E9 -> 5 | L9: =RANDBETWEEN(30,180)/10 -> 13.5 | M9: =RANDBETWEEN(30,180)/10 -> 8.4 | N9: =RANDBETWEEN(30,180)/10 -> 14.2 | O9: =RANDBETWEEN(30,180)/10 -> 12 | P9: =RANDBETWEEN(30,180)/10 -> 8.3 | Q9: =RANDBETWEEN(50,200)/10 -> 8.7 | R9: =RANDBETWEEN(50,200)/10 -> 16 | S9: =RANDBETWEEN(50,200)/10 -> 13.5 | T9: =RANDBETWEEN(50,200)/10 -> 10.1 | U9: =RANDBETWEEN(50,200)/10 -> 11.4 | V9: =RANDBETWEEN(50,200)/10 -> 5 | W9: =RANDBETWEEN(50,200)/10 -> 13 | X9: =RANDBETWEEN(50,200)/10 -> 13 | Z9: CLEROT
A10: =Liste!A10 -> 20150933 | B10: =Liste!B10 -> CORNU | C10: =Liste!C10 -> Bastien | D10: =Liste!D10 -> 2-C | E10: =($G$2*G10+$H$2*H10+$I$2*I10)/$E$2*(1+Y10/200) -> 9.1116667 | F10: =RANK(E10,$E$3:$E$63) -> 60 | G10: =($J$2*J10+$K$2*K10+$L$2*L10+$M$2*M10+$N$2*N10+$O$2*O10)/$G$2 -> 7.4416667 | H10: =($P$2*P10+$Q$2*Q10+$R$2*R10+$S$2*S10+$T$2*T10+$U$2*U10)/$H$2 -> 9.7208333 | I10: =($V$2*V10+$W$2*W10+$X$2*X10)/$I$2 -> 11.233333 | J10: =SE3!E10 -> 5.5 | K10: =RX2!E10 -> 14.1 | L10: =RANDBETWEEN(30,180)/10 -> 10.1 | M10: =RANDBETWEEN(30,180)/10 -> 3.3 | N10: =RANDBETWEEN(30,180)/10 -> 9.4 | O10: =RANDBETWEEN(30,180)/10 -> 5 | P10: =RANDBETWEEN(30,180)/10 -> 5.7 | Q10: =RANDBETWEEN(50,200)/10 -> 10.5 | R10: =RANDBETWEEN(50,200)/10 -> 18.3 | S10: =RANDBETWEEN(50,200)/10 -> 8 | T10: =RANDBETWEEN(50,200)/10 -> 11.3 | U10: =RANDBETWEEN(50,200)/10 -> 8.9 | V10: =RANDBETWEEN(50,200)/10 -> 12.2 | W10: =RANDBETWEEN(50,200)/10 -> 11 | X10: =RANDBETWEEN(50,200)/10 -> 8.8 | Z10: CORNU
A11: =Liste!A11 -> 20150934 | B11: =Liste!B11 -> DACHY | C11: =Liste!C11 -> Remy | D11: =Liste!D11 -> 2-B | E11: =($G$2*G11+$H$2*H11+$I$2*I11)/$E$2*(1+Y11/200) -> 10.558333 | F11: =RANK(E11,$E$3:$E$63) -> 52 | G11: =($J$2*J11+$K$2*K11+$L$2*L11+$M$2*M11+$N$2*N11+$O$2*O11)/$G$2 -> 8.7583333 | H11: =($P$2*P11+$Q$2*Q11+$R$2*R11+$S$2*S11+$T$2*T11+$U$2*U11)/$H$2 -> 12.220833 | I11: =($V$2*V11+$W$2*W11+$X$2*X11)/$I$2 -> 10.833333 | J11: =SE3!E11 -> 7.5 | K11: =RX2!E11 -> 14.7 | L11: =RANDBETWEEN(30,180)/10 -> 7.7 | M11: =RANDBETWEEN(30,180)/10 -> 5.5 | N11: =RANDBETWEEN(30,180)/10 -> 4.8 | O11: =RANDBETWEEN(30,180)/10 -> 18 | P11: =RANDBETWEEN(30,180)/10 -> 13.5 | Q11: =RANDBETWEEN(50,200)/10 -> 6.5 | R11: =RANDBETWEEN(50,200)/10 -> 16.8 | S11: =RANDBETWEEN(50,200)/10 -> 7.8 | T11: =RANDBETWEEN(50,200)/10 -> 16.8 | U11: =RANDBETWEEN(50,200)/10 -> 13.3 | V11: =RANDBETWEEN(50,200)/10 -> 9.9 | W11: =RANDBETWEEN(50,200)/10 -> 8.8 | X11: =RANDBETWEEN(50,200)/10 -> 17.7 | Z11: DACHY
A12: =Liste!A12 -> 20150935 | B12: =Liste!B12 -> DANGLETERRE | C12: =Liste!C12 -> Thomas | D12: =Liste!D12 -> 2-C | E12: =($G$2*G12+$H$2*H12+$I$2*I12)/$E$2*(1+Y12/200) -> 11.06 | F12: =RANK(E12,$E$3:$E$63) -> 42 | G12: =($J$2*J12+$K$2*K12+$L$2*L12+$M$2*M12+$N$2*N12+$O$2*O12)/$G$2 -> 12.329167 | H12: =($P$2*P12+$Q$2*Q12+$R$2*R12+$S$2*S12+$T$2*T12+$U$2*U12)/$H$2 -> 9.2041667 | I12: =($V$2*V12+$W$2*W12+$X$2*X12)/$I$2 -> 12.233333 | J12: =SE3!E12 -> 15.9 | K12: =RX2!E12 -> 19.3 | L12: =RANDBETWEEN(30,180)/10 -> 17.8 | M12: =RANDBETWEEN(30,180)/10 -> 13.8 | N12: =RANDBETWEEN(30,180)/10 -> 5.3 | O12: =RANDBETWEEN(30,180)/10 -> 3.2 | P12: =RANDBETWEEN(30,180)/10 -> 15.9 | Q12: =RANDBETWEEN(50,200)/10 -> 13.8 | R12: =RANDBETWEEN(50,200)/10 -> 8.4 | S12: =RANDBETWEEN(50,200)/10 -> 5.1 | T12: =RANDBETWEEN(50,200)/10 -> 8.1 | U12: =RANDBETWEEN(50,200)/10 -> 5 | V12: =RANDBETWEEN(50,200)/10 -> 9.9 | W12: =RANDBETWEEN(50,200)/10 -> 18 | X12: =RANDBETWEEN(50,200)/10 -> 7.7 | Z12: DANGLETERRE
A13: =Liste!A13 -> 20150936 | B13: =Liste!B13 -> DEBACKER | C13: =Liste!C13 -> Thomas | D13: =Liste!D13 -> 2-C | E13: =($G$2*G13+$H$2*H13+$I$2*I13)/$E$2*(1+Y13/200) -> 10.868333 | F13: =RANK(E13,$E$3:$E$63) -> 46 | G13: =($J$2*J13+$K$2*K13+$L$2*L13+$M$2*M13+$N$2*N13+$O$2*O13)/$G$2 -> 11.583333 | H13: =($P$2*P13+$Q$2*Q13+$R$2*R13+$S$2*S13+$T$2*T13+$U$2*U13)/$H$2 -> 10.345833 | I13: =($V$2*V13+$W$2*W13+$X$2*X13)/$I$2 -> 10.483333 | J13: =SE3!E13 -> 10.3 | K13: =RX2!E13 -> 6.3 | L13: =RANDBETWEEN(30,180)/10 -> 13.8 | M13: =RANDBETWEEN(30,180)/10 -> 6.5 | N13: =RANDBETWEEN(30,180)/10 -> 16.3 | O13: =RANDBETWEEN(30,180)/10 -> 17.4 | P13: =RANDBETWEEN(30,180)/10 -> 4.8 | Q13: =RANDBETWEEN(50,200)/10 -> 6.3 | R13: =RANDBETWEEN(50,200)/10 -> 19.6 | S13: =RANDBETWEEN(50,200)/10 -> 15.8 | T13: =RANDBETWEEN(50,200)/10 -> 8.2 | U13: =RANDBETWEEN(50,200)/10 -> 8.6 | V13: =RANDBETWEEN(50,200)/10 -> 5.1 | W13: =RANDBETWEEN(50,200)/10 -> 17.6 | X13: =RANDBETWEEN(50,200)/10 -> 12.4 | Z13: DEBACKER
A14: =Liste!A14 -> 20150937 | B14: =Liste!B14 -> DELBREUVE | C14: =Liste!C14 -> Benjamin | D14: =Liste!D14 -> 2-C | E14: =($G$2*G14+$H$2*H14+$I$2*I14)/$E$2*(1+Y14/200) -> 11.816667 | F14: =RANK(E14,$E$3:$E$63) -> 30 | G14: =($J$2*J14+$K$2*K14+$L$2*L14+$M$2*M14+$N$2*N14+$O$2*O14)/$G$2 -> 12.75 | H14: =($P$2*P14+$Q$2*Q14+$R$2*R14+$S$2*S14+$T$2*T14+$U$2*U14)/$H$2 -> 9.9833333 | I14: =($V$2*V14+$W$2*W14+$X$2*X14)/$I$2 -> 13.616667 | J14: =SE3!E14 -> 12 | K14: =RX2!E14 -> 16.4 | L14: =RANDBETWEEN(30,180)/10 -> 5.8 | M14: =RANDBETWEEN(30,180)/10 -> 9.8 | N14: =RANDBETWEEN(30,180)/10 -> 17.2 | O14: =RANDBETWEEN(30,180)/10 -> 14.8 | P14: =RANDBETWEEN(30,180)/10 -> 8.8 | Q14: =RANDBETWEEN(50,200)/10 -> 19.5 | R14: =RANDBETWEEN(50,200)/10 -> 7 | S14: =RANDBETWEEN(50,200)/10 -> 6.6 | T14: =RANDBETWEEN(50,200)/10 -> 18.7 | U14: =RANDBETWEEN(50,200)/10 -> 5.4 | V14: =RANDBETWEEN(50,200)/10 -> 9.1 | W14: =RANDBETWEEN(50,200)/10 -> 19.5 | X14: =RANDBETWEEN(50,200)/10 -> 15.4 | Z14: DELBREUVE
A15: =Liste!A15 -> 20150938 | B15: =Liste!B15 -> DEROSNE | C15: =Liste!C15 -> Florentin | D15: =Liste!D15 -> 2-B | E15: =($G$2*G15+$H$2*H15+$I$2*I15)/$E$2*(1+Y15/200) -> 11.673333 | F15: =RANK(E15,$E$3:$E$63) -> 34 | G15: =($J$2*J15+$K$2*K15+$L$2*L15+$M$2*M15+$N$2*N15+$O$2*O15)/$G$2 -> 12.354167 | H15: =($P$2*P15+$Q$2*Q15+$R$2*R15+$S$2*S15+$T$2*T15+$U$2*U15)/$H$2 -> 9.6791667 | I15: =($V$2*V15+$W$2*W15+$X$2*X15)/$I$2 -> 14.3 | J15: =SE3!E15 -> 15.9 | K15: =RX2!E15 -> 13.6 | L15: =RANDBETWEEN(30,180)/10 -> 12.6 | M15: =RANDBETWEEN(30,180)/10 -> 10.7 | N15: =RANDBETWEEN(30,180)/10 -> 7.2 | O15: =RANDBETWEEN(30,180)/10 -> 16.3 | P15: =RANDBETWEEN(30,180)/10 -> 9.5 | Q15: =RANDBETWEEN(50,200)/10 -> 8.7 | R15: =RANDBETWEEN(50,200)/10 -> 5.3 | S15: =RANDBETWEEN(50,200)/10 -> 10.7 | T15: =RANDBETWEEN(50,200)/10 -> 7.6 | U15: =RANDBETWEEN(50,200)/10 -> 13.3 | V15: =RANDBETWEEN(50,200)/10 -> 15.7 | W15: =RANDBETWEEN(50,200)/10 -> 16.2 | X15: =RANDBETWEEN(50,200)/10 -> 6.3 | Z15: DEROSNE
A16: =Liste!A16 -> 20150939 | B16: =Liste!B16 -> DUHAUT | C16: =Liste!C16 -> Thomas | D16: =Liste!D16 -> 2-A | E16: =($G$2*G16+$H$2*H16+$I$2*I16)/$E$2*(1+Y16/200) -> 11.753333 | F16: =RANK(E16,$E$3:$E$63) -> 32 | G16: =($J$2*J16+$K$2*K16+$L$2*L16+$M$2*M16+$N$2*N16+$O$2*O16)/$G$2 -> 10.4125 | H16: =($P$2*P16+$Q$2*Q16+$R$2*R16+$S$2*S16+$T$2*T16+$U$2*U16)/$H$2 -> 14.495833 | I16: =($V$2*V16+$W$2*W16+$X$2*X16)/$I$2 -> 8.95 | J16: =SE3!E16 -> 8.9 | K16: =RX2!E16 -> 17.2 | L16: =RANDBETWEEN(30,180)/10 -> 3.3 | M16: =RANDBETWEEN(30,180)/10 -> 5.6 | N16: =RANDBETWEEN(30,180)/10 -> 13.1 | O16: =RANDBETWEEN(30,180)/10 -> 16.8 | P16: =RANDBETWEEN(30,180)/10 -> 18 | Q16: =RANDBETWEEN(50,200)/10 -> 19.4 | R16: =RANDBETWEEN(50,200)/10 -> 8.8 | S16: =RANDBETWEEN(50,200)/10 -> 11.7 | T16: =RANDBETWEEN(50,200)/10 -> 10.6 | U16: =RANDBETWEEN(50,200)/10 -> 16.6 | V16: =RANDBETWEEN(50,200)/10 -> 9.7 | W16: =RANDBETWEEN(50,200)/10 -> 5.6 | X16: =RANDBETWEEN(50,200)/10 -> 13.4 | Z16: DUHAUT
A17: =Liste!A17 -> 20150940 | B17: =Liste!B17 -> DUMETZ | C17: =Liste!C17 -> Joffrey | D17: =Liste!D17 -> 2-C | E17: =($G$2*G17+$H$2*H17+$I$2*I17)/$E$2*(1+Y17/200) -> 11.916667 | F17: =RANK(E17,$E$3:$E$63) -> 27 | G17: =($J$2*J17+$K$2*K17+$L$2*L17+$M$2*M17+$N$2*N17+$O$2*O17)/$G$2 -> 9.825 | H17: =($P$2*P17+$Q$2*Q17+$R$2*R17+$S$2*S17+$T$2*T17+$U$2*U17)/$H$2 -> 14.708333 | I17: =($V$2*V17+$W$2*W17+$X$2*X17)/$I$2 -> 10.516667 | J17: =SE3!E17 -> 5.2 | K17: =RX2!E17 -> 15.8 | L17: =RANDBETWEEN(30,180)/10 -> 14.3 | M17: =RANDBETWEEN(30,180)/10 -> 11.7 | N17: =RANDBETWEEN(30,180)/10 -> 5 | O17: =RANDBETWEEN(30,180)/10 -> 12 | P17: =RANDBETWEEN(30,180)/10 -> 14 | Q17: =RANDBETWEEN(50,200)/10 -> 9.1 | R17: =RANDBETWEEN(50,200)/10 -> 16.9 | S17: =RANDBETWEEN(50,200)/10 -> 12.5 | T17: =RANDBETWEEN(50,200)/10 -> 16 | U17: =RANDBETWEEN(50,200)/10 -> 18.9 | V17: =RANDBETWEEN(50,200)/10 -> 14.5 | W17: =RANDBETWEEN(50,200)/10 -> 5.9 | X17: =RANDBETWEEN(50,200)/10 -> 7.8 | Z17: DUMETZ
A18: =Liste!A18 -> 20150941 | B18: =Liste!B18 -> FEVRIER | C18: =Liste!C18 -> Tennessee | D18: =Liste!D18 -> 2-C | E18: =($G$2*G18+$H$2*H18+$I$2*I18)/$E$2*(1+Y18/200) -> 9.595 | F18: =RANK(E18,$E$3:$E$63) -> 58 | G18: =($J$2*J18+$K$2*K18+$L$2*L18+$M$2*M18+$N$2*N18+$O$2*O18)/$G$2 -> 8.8708333 | H18: =($P$2*P18+$Q$2*Q18+$R$2*R18+$S$2*S18+$T$2*T18+$U$2*U18)/$H$2 -> 9.225 | I18: =($V$2*V18+$W$2*W18+$X$2*X18)/$I$2 -> 11.783333 | J18: =SE3!E18 -> 8.6 | K18: =RX2!E18 -> 5.2 | L18: =RANDBETWEEN(30,180)/10 -> 10.1 | M18: =RANDBETWEEN(30,180)/10 -> 3.3 | N18: =RANDBETWEEN(30,180)/10 -> 13.1 | O18: =RANDBETWEEN(30,180)/10 -> 14 | P18: =RANDBETWEEN(30,180)/10 -> 8.5 | Q18: =RANDBETWEEN(50,200)/10 -> 11.2 | R18: =RANDBETWEEN(50,200)/10 -> 10.9 | S18: =RANDBETWEEN(50,200)/10 -> 12 | T18: =RANDBETWEEN(50,200)/10 -> 7.2 | U18: =RANDBETWEEN(50,200)/10 -> 6.2 | V18: =RANDBETWEEN(50,200)/10 -> 11.1 | W18: =RANDBETWEEN(50,200)/10 -> 14 | X18: =RANDBETWEEN(50,200)/10 -> 9.4 | Z18: FEVRIER
A19: =Liste!A19 -> 20150942 | B19: =Liste!B19 -> FORGET | C19: =Liste!C19 -> Kévin | D19: =Liste!D19 -> 2-B | E19: =($G$2*G19+$H$2*H19+$I$2*I19)/$E$2*(1+Y19/200) -> 10.066667 | F19: =RANK(E19,$E$3:$E$63) -> 56 | G19: =($J$2*J19+$K$2*K19+$L$2*L19+$M$2*M19+$N$2*N19+$O$2*O19)/$G$2 -> 7.4291667 | H19: =($P$2*P19+$Q$2*Q19+$R$2*R19+$S$2*S19+$T$2*T19+$U$2*U19)/$H$2 -> 9.9458333 | I19: =($V$2*V19+$W$2*W19+$X$2*X19)/$I$2 -> 15.583333 | J19: =SE3!E19 -> 6.4 | K19: =RX2!E19 -> 13.1 | L19: =RANDBETWEEN(30,180)/10 -> 7.5 | M19: =RANDBETWEEN(30,180)/10 -> 3.8 | N19: =RANDBETWEEN(30,180)/10 -> 10.7 | O19: =RANDBETWEEN(30,180)/10 -> 4 | P19: =RANDBETWEEN(30,180)/10 -> 14.8 | Q19: =RANDBETWEEN(50,200)/10 -> 10.7 | R19: =RANDBETWEEN(50,200)/10 -> 15.4 | S19: =RANDBETWEEN(50,200)/10 -> 7.5 | T19: =RANDBETWEEN(50,200)/10 -> 6.8 | U19: =RANDBETWEEN(50,200)/10 -> 5.7 | V19: =RANDBETWEEN(50,200)/10 -> 19.8 | W19: =RANDBETWEEN(50,200)/10 -> 8.8 | X19: =RANDBETWEEN(50,200)/10 -> 16.5 | Z19: FORGET
... A57: =Liste!A57 -> 20150980 | B57: =Liste!B57 -> THERAGE | C57: =Liste!C57 -> Lucas | D57: =Liste!D57 -> 2-A | E57: =($G$2*G57+$H$2*H57+$I$2*I57)/$E$2*(1+Y57/200) -> 12.21 | F57: =RANK(E57,$E$3:$E$63) -> 22 | G57: =($J$2*J57+$K$2*K57+$L$2*L57+$M$2*M57+$N$2*N57+$O$2*O57)/$G$2 -> 12.4125 | H57: =($P$2*P57+$Q$2*Q57+$R$2*R57+$S$2*S57+$T$2*T57+$U$2*U57)/$H$2 -> 10.6625 | I57: =($V$2*V57+$W$2*W57+$X$2*X57)/$I$2 -> 14.9 | J57: =SE3!E57 -> 12.3 | K57: =RX2!E57 -> 8.5 | L57: =RANDBETWEEN(30,180)/10 -> 7.4 | M57: =RANDBETWEEN(30,180)/10 -> 14.4 | N57: =RANDBETWEEN(30,180)/10 -> 17.7 | O57: =RANDBETWEEN(30,180)/10 -> 9.4 | P57: =RANDBETWEEN(30,180)/10 -> 5.5 | Q57: =RANDBETWEEN(50,200)/10 -> 11.6 | R57: =RANDBETWEEN(50,200)/10 -> 12.3 | S57: =RANDBETWEEN(50,200)/10 -> 16.2 | T57: =RANDBETWEEN(50,200)/10 -> 8.4 | U57: =RANDBETWEEN(50,200)/10 -> 10.1 | V57: =RANDBETWEEN(50,200)/10 -> 15.6 | W57: =RANDBETWEEN(50,200)/10 -> 15.1 | X57: =RANDBETWEEN(50,200)/10 -> 12.4 | Z57: THERAGE
A58: =Liste!A58 -> 20150981 | B58: =Liste!B58 -> THOMAS | C58: =Liste!C58 -> Louis | D58: =Liste!D58 -> 2-B | E58: =($G$2*G58+$H$2*H58+$I$2*I58)/$E$2*(1+Y58/200) -> 13.662325 | F58: =RANK(E58,$E$3:$E$63) -> 3 | G58: =($J$2*J58+$K$2*K58+$L$2*L58+$M$2*M58+$N$2*N58+$O$2*O58)/$G$2 -> 13.4875 | H58: =($P$2*P58+$Q$2*Q58+$R$2*R58+$S$2*S58+$T$2*T58+$U$2*U58)/$H$2 -> 15.045833 | I58: =($V$2*V58+$W$2*W58+$X$2*X58)/$I$2 -> 9.4166667 | J58: =SE3!E58 -> 20 | K58: =RX2!E58 -> 13 | L58: =RANDBETWEEN(30,180)/10 -> 7 | M58: =RANDBETWEEN(30,180)/10 -> 15.6 | N58: =RANDBETWEEN(30,180)/10 -> 7 | O58: =RANDBETWEEN(30,180)/10 -> 16.9 | P58: =RANDBETWEEN(30,180)/10 -> 14.5 | Q58: =RANDBETWEEN(50,200)/10 -> 18.5 | R58: =RANDBETWEEN(50,200)/10 -> 19.1 | S58: =RANDBETWEEN(50,200)/10 -> 17.7 | T58: =RANDBETWEEN(50,200)/10 -> 12.1 | U58: =RANDBETWEEN(50,200)/10 -> 10.2 | V58: =RANDBETWEEN(50,200)/10 -> 6.4 | W58: =RANDBETWEEN(50,200)/10 -> 12.7 | X58: =RANDBETWEEN(50,200)/10 -> 11.9 | Y58: 5.5 | Z58: THOMAS
A59: =Liste!A59 -> 20150982 | B59: =Liste!B59 -> VANDEWOORDE | C59: =Liste!C59 -> Aymeric | D59: =Liste!D59 -> 2-B | E59: =($G$2*G59+$H$2*H59+$I$2*I59)/$E$2*(1+Y59/200) -> 11.92 | F59: =RANK(E59,$E$3:$E$63) -> 26 | G59: =($J$2*J59+$K$2*K59+$L$2*L59+$M$2*M59+$N$2*N59+$O$2*O59)/$G$2 -> 12.820833 | H59: =($P$2*P59+$Q$2*Q59+$R$2*R59+$S$2*S59+$T$2*T59+$U$2*U59)/$H$2 -> 10.2375 | I59: =($V$2*V59+$W$2*W59+$X$2*X59)/$I$2 -> 13.483333 | J59: =SE3!E59 -> 16.8 | K59: =RX2!E59 -> 5.6 | L59: =RANDBETWEEN(30,180)/10 -> 9.1 | M59: =RANDBETWEEN(30,180)/10 -> 10.4 | N59: =RANDBETWEEN(30,180)/10 -> 17.9 | O59: =RANDBETWEEN(30,180)/10 -> 12.7 | P59: =RANDBETWEEN(30,180)/10 -> 4.3 | Q59: =RANDBETWEEN(50,200)/10 -> 11.4 | R59: =RANDBETWEEN(50,200)/10 -> 13.2 | S59: =RANDBETWEEN(50,200)/10 -> 14.3 | T59: =RANDBETWEEN(50,200)/10 -> 8.3 | U59: =RANDBETWEEN(50,200)/10 -> 10.8 | V59: =RANDBETWEEN(50,200)/10 -> 9.4 | W59: =RANDBETWEEN(50,200)/10 -> 19.1 | X59: =RANDBETWEEN(50,200)/10 -> 14.5 | Z59: VANDEWOORDE
A60: =Liste!A60 -> 20150983 | B60: =Liste!B60 -> VANROY | C60: =Liste!C60 -> Julien | D60: =Liste!D60 -> 2-A | E60: =($G$2*G60+$H$2*H60+$I$2*I60)/$E$2*(1+Y60/200) -> 13.07 | F60: =RANK(E60,$E$3:$E$63) -> 7 | G60: =($J$2*J60+$K$2*K60+$L$2*L60+$M$2*M60+$N$2*N60+$O$2*O60)/$G$2 -> 14.629167 | H60: =($P$2*P60+$Q$2*Q60+$R$2*R60+$S$2*S60+$T$2*T60+$U$2*U60)/$H$2 -> 14.3625 | I60: =($V$2*V60+$W$2*W60+$X$2*X60)/$I$2 -> 7.3666667 | J60: =SE3!E60 -> 17.7 | K60: =RX2!E60 -> 9.7 | L60: =RANDBETWEEN(30,180)/10 -> 17.5 | M60: =RANDBETWEEN(30,180)/10 -> 18 | N60: =RANDBETWEEN(30,180)/10 -> 9.8 | O60: =RANDBETWEEN(30,180)/10 -> 14 | P60: =RANDBETWEEN(30,180)/10 -> 10.5 | Q60: =RANDBETWEEN(50,200)/10 -> 18.9 | R60: =RANDBETWEEN(50,200)/10 -> 18.9 | S60: =RANDBETWEEN(50,200)/10 -> 12.5 | T60: =RANDBETWEEN(50,200)/10 -> 6.1 | U60: =RANDBETWEEN(50,200)/10 -> 19.6 | V60: =RANDBETWEEN(50,200)/10 -> 5.1 | W60: =RANDBETWEEN(50,200)/10 -> 6 | X60: =RANDBETWEEN(50,200)/10 -> 16.9 | Z60: VANROY
A61: =Liste!A61 -> 20150984 | B61: =Liste!B61 -> VELLA | C61: =Liste!C61 -> Emanuele | D61: =Liste!D61 -> 2-C | E61: =($G$2*G61+$H$2*H61+$I$2*I61)/$E$2*(1+Y61/200) -> 11.155 | F61: =RANK(E61,$E$3:$E$63) -> 39 | G61: =($J$2*J61+$K$2*K61+$L$2*L61+$M$2*M61+$N$2*N61+$O$2*O61)/$G$2 -> 9.8666667 | H61: =($P$2*P61+$Q$2*Q61+$R$2*R61+$S$2*S61+$T$2*T61+$U$2*U61)/$H$2 -> 11.0375 | I61: =($V$2*V61+$W$2*W61+$X$2*X61)/$I$2 -> 13.966667 | J61: =SE3!E61 -> 11.9 | K61: =RX2!E61 -> 11.7 | L61: =RANDBETWEEN(30,180)/10 -> 7.6 | M61: =RANDBETWEEN(30,180)/10 -> 13.5 | N61: =RANDBETWEEN(30,180)/10 -> 6.3 | O61: =RANDBETWEEN(30,180)/10 -> 6.8 | P61: =RANDBETWEEN(30,180)/10 -> 9.6 | Q61: =RANDBETWEEN(50,200)/10 -> 7.3 | R61: =RANDBETWEEN(50,200)/10 -> 9.3 | S61: =RANDBETWEEN(50,200)/10 -> 19.9 | T61: =RANDBETWEEN(50,200)/10 -> 9.2 | U61: =RANDBETWEEN(50,200)/10 -> 8 | V61: =RANDBETWEEN(50,200)/10 -> 17.8 | W61: =RANDBETWEEN(50,200)/10 -> 5.2 | X61: =RANDBETWEEN(50,200)/10 -> 20 | Z61: VELLA
A62: =Liste!A62 -> 20150985 | B62: =Liste!B62 -> VERPOEST | C62: =Liste!C62 -> Sylvain | D62: =Liste!D62 -> 2-A | E62: =($G$2*G62+$H$2*H62+$I$2*I62)/$E$2*(1+Y62/200) -> 12.016667 | F62: =RANK(E62,$E$3:$E$63) -> 24 | G62: =($J$2*J62+$K$2*K62+$L$2*L62+$M$2*M62+$N$2*N62+$O$2*O62)/$G$2 -> 9.8541667 | H62: =($P$2*P62+$Q$2*Q62+$R$2*R62+$S$2*S62+$T$2*T62+$U$2*U62)/$H$2 -> 13.579167 | I62: =($V$2*V62+$W$2*W62+$X$2*X62)/$I$2 -> 13.216667 | J62: =SE3!E62 -> 12.1 | K62: =RX2!E62 -> 12.1 | L62: =RANDBETWEEN(30,180)/10 -> 3.7 | M62: =RANDBETWEEN(30,180)/10 -> 5.6 | N62: =RANDBETWEEN(30,180)/10 -> 16.1 | O62: =RANDBETWEEN(30,180)/10 -> 6.7 | P62: =RANDBETWEEN(30,180)/10 -> 15 | Q62: =RANDBETWEEN(50,200)/10 -> 12.3 | R62: =RANDBETWEEN(50,200)/10 -> 5.4 | S62: =RANDBETWEEN(50,200)/10 -> 9.4 | T62: =RANDBETWEEN(50,200)/10 -> 18.1 | U62: =RANDBETWEEN(50,200)/10 -> 19.3 | V62: =RANDBETWEEN(50,200)/10 -> 13.1 | W62: =RANDBETWEEN(50,200)/10 -> 14.5 | X62: =RANDBETWEEN(50,200)/10 -> 11 | Z62: VERPOEST
A63: =Liste!A63 -> 20150986 | B63: =Liste!B63 -> WICART | C63: =Liste!C63 -> Melvin | D63: =Liste!D63 -> 2-B | E63: =($G$2*G63+$H$2*H63+$I$2*I63)/$E$2*(1+Y63/200) -> 10.71 | F63: =RANK(E63,$E$3:$E$63) -> 49 | G63: =($J$2*J63+$K$2*K63+$L$2*L63+$M$2*M63+$N$2*N63+$O$2*O63)/$G$2 -> 10.804167 | H63: =($P$2*P63+$Q$2*Q63+$R$2*R63+$S$2*S63+$T$2*T63+$U$2*U63)/$H$2 -> 10.729167 | I63: =($V$2*V63+$W$2*W63+$X$2*X63)/$I$2 -> 10.483333 | J63: =SE3!E63 -> 5 | K63: =RX2!E63 -> 8.9 | L63: =RANDBETWEEN(30,180)/10 -> 14 | M63: =RANDBETWEEN(30,180)/10 -> 12.8 | N63: =RANDBETWEEN(30,180)/10 -> 17.8 | O63: =RANDBETWEEN(30,180)/10 -> 4.2 | P63: =RANDBETWEEN(30,180)/10 -> 6.6 | Q63: =RANDBETWEEN(50,200)/10 -> 11 | R63: =RANDBETWEEN(50,200)/10 -> 12 | S63: =RANDBETWEEN(50,200)/10 -> 13 | T63: =RANDBETWEEN(50,200)/10 -> 10 | U63: =RANDBETWEEN(50,200)/10 -> 12.1 | V63: =RANDBETWEEN(50,200)/10 -> 7 | W63: =RANDBETWEEN(50,200)/10 -> 16.2 | X63: =RANDBETWEEN(50,200)/10 -> 9.5 | Z63: WICART
A64: xxxxxxxxx | C64: Moyenne | E64: =AVERAGE(E3:E63) -> 11.689421 | G64: =AVERAGE(G3:G63) -> 11.077391 | H64: =AVERAGE(H3:H63) -> 12.151981 | I64: =AVERAGE(I3:I63) -> 11.939344 | J64: =AVERAGE(J3:J63) -> 12 | K64: =AVERAGE(K3:K63) -> 12.781967 | L64: =AVERAGE(L3:L63) -> 10.8 | M64: =AVERAGE(M3:M63) -> 9.8196721 | N64: =AVERAGE(N3:N63) -> 10.65082 | ... X64: =AVERAGE(X3:X63) -> 12.422951
C65: Max | E65: =MAX(E4:E64) -> 14.431667 | G65: =MAX(G4:G64) -> 14.666667 | H65: =MAX(H4:H64) -> 16.233333 | I65: =MAX(I4:I64) -> 17.883333 | J65: =MAX(J4:J64) -> 20 | K65: =MAX(K4:K64) -> 19.9 | L65: =MAX(L4:L64) -> 17.8 | M65: =MAX(M4:M64) -> 18 | N65: =MAX(N4:N64) -> 17.9 | ... X65: =MAX(X4:X64) -> 20
C66: Min | E66: =MIN(E5:E65) -> 8.9383333 | G66: =MIN(G5:G65) -> 7.4291667 | H66: =MIN(H5:H65) -> 9.0041667 | I66: =MIN(I5:I65) -> 6.5333333 | J66: =MIN(J5:J65) -> 5 | K66: =MIN(K5:K65) -> 5 | L66: =MIN(L5:L65) -> 3.3 | M66: =MIN(M5:M65) -> 3.3 | N66: =MIN(N5:N65) -> 3 | ... X66: =MIN(X5:X65) -> 5
A67: Département | B67: INFO
A68: Année | B68: INFO2
A69: Date début | B69: 42614
A70: Date de fin | B70: 31/06/2017
A71: Semestre | B71: S3
A72: Moyenne | B72: =AVERAGE(E3:E63) -> 11.689421
A73: Max | B73: =MAX(E4:E64) -> 14.431667
A74: Min | B74: =MIN(E5:E65) -> 8.9383333

Sheet Décisions
A1: =Liste!A1 -> Numéro | B1: =Liste!B1 -> Nom | C1: =Liste!C1 -> Prénom | D1: =Liste!D1 -> Groupe | E1: Décisions | I1: Commentaires
E2: S3 | F2: UE31 | G2: UE32 | H2: UE33
A3: =Liste!A3 -> 20150926 | B3: =Liste!B3 -> BAUDELET | C3: =Liste!C3 -> Geoffrey | D3: =Liste!D3 -> 2-B | E3: =IF(AND('Detail Notes S3'!E3>10 , 'Detail Notes S3'!G3 > 8 , 'Detail Notes S3'!H3>8 , 'Detail Notes S3'!I3> 8), "validé", "non validé") -> validé | F3: =IF(E3="validé","",IF('Detail Notes S3'!G3>10,"validé","non validé")) | G3: =IF(E3="validé","",IF('Detail Notes S3'!H3>10,"validé","non validé")) | H3: =IF(E3="validé","",IF('Detail Notes S3'!I3>10,"validé","non validé"))
A4: =Liste!A4 -> 20150927 | B4: =Liste!B4 -> BIGARD | C4: =Liste!C4 -> Samuel | D4: =Liste!D4 -> 2-C | E4: =IF(AND('Detail Notes S3'!E4>10 , 'Detail Notes S3'!G4 > 8 , 'Detail Notes S3'!H4>8 , 'Detail Notes S3'!I4> 8), "validé", "non validé") -> validé | F4: =IF(E4="validé","",IF('Detail Notes S3'!G4>10,"validé","non validé")) | G4: =IF(E4="validé","",IF('Detail Notes S3'!H4>10,"validé","non validé")) | H4: =IF(E4="validé","",IF('Detail Notes S3'!I4>10,"validé","non validé"))
A5: =Liste!A5 -> 20150928 | B5: =Liste!B5 -> BISSON | C5: =Liste!C5 -> Julien | D5: =Liste!D5 -> 2-A | E5: =IF(AND('Detail Notes S3'!E5>10 , 'Detail Notes S3'!G5 > 8 , 'Detail Notes S3'!H5>8 , 'Detail Notes S3'!I5> 8), "validé", "non validé") -> non validé | F5: =IF(E5="validé","",IF('Detail Notes S3'!G5>10,"validé","non validé")) -> validé | G5: =IF(E5="validé","",IF('Detail Notes S3'!H5>10,"validé","non validé")) -> validé | H5: =IF(E5="validé","",IF('Detail Notes S3'!I5>10,"validé","non validé")) -> non validé | I5: Problème de santé
A6: =Liste!A6 -> 20150929 | B6: =Liste!B6 -> BONTE | C6: =Liste!C6 -> Nicolas | D6: =Liste!D6 -> 2-A | E6: =IF(AND('Detail Notes S3'!E6>10 , 'Detail Notes S3'!G6 > 8 , 'Detail Notes S3'!H6>8 , 'Detail Notes S3'!I6> 8), "validé", "non validé") -> non validé | F6: =IF(E6="validé","",IF('Detail Notes S3'!G6>10,"validé","non validé")) -> non validé | G6: =IF(E6="validé","",IF('Detail Notes S3'!H6>10,"validé","non validé")) -> validé | H6: =IF(E6="validé","",IF('Detail Notes S3'!I6>10,"validé","non validé")) -> validé
A7: =Liste!A7 -> 20150930 | B7: =Liste!B7 -> BOULNOIS | C7: =Liste!C7 -> Louis | D7: =Liste!D7 -> 2-A | E7: =IF(AND('Detail Notes S3'!E7>10 , 'Detail Notes S3'!G7 > 8 , 'Detail Notes S3'!H7>8 , 'Detail Notes S3'!I7> 8), "validé", "non validé") -> validé | F7: =IF(E7="validé","",IF('Detail Notes S3'!G7>10,"validé","non validé")) | G7: =IF(E7="validé","",IF('Detail Notes S3'!H7>10,"validé","non validé")) | H7: =IF(E7="validé","",IF('Detail Notes S3'!I7>10,"validé","non validé"))
A8: =Liste!A8 -> 20150931 | B8: =Liste!B8 -> CHATELET | C8: =Liste!C8 -> Hadrien | D8: =Liste!D8 -> 2-B | E8: =IF(AND('Detail Notes S3'!E8>10 , 'Detail Notes S3'!G8 > 8 , 'Detail Notes S3'!H8>8 , 'Detail Notes S3'!I8> 8), "validé", "non validé") -> validé | F8: =IF(E8="validé","",IF('Detail Notes S3'!G8>10,"validé","non validé")) | G8: =IF(E8="validé","",IF('Detail Notes S3'!H8>10,"validé","non validé")) | H8: =IF(E8="validé","",IF('Detail Notes S3'!I8>10,"validé","non validé"))
A9: =Liste!A9 -> 20150932 | B9: =Liste!B9 -> CLEROT | C9: =Liste!C9 -> Jérémy | D9: =Liste!D9 -> 2-C | E9: =IF(AND('Detail Notes S3'!E9>10 , 'Detail Notes S3'!G9 > 8 , 'Detail Notes S3'!H9>8 , 'Detail Notes S3'!I9> 8), "validé", "non validé") -> validé | F9: =IF(E9="validé","",IF('Detail Notes S3'!G9>10,"validé","non validé")) | G9: =IF(E9="validé","",IF('Detail Notes S3'!H9>10,"validé","non validé")) | H9: =IF(E9="validé","",IF('Detail Notes S3'!I9>10,"validé","non validé"))
A10: =Liste!A10 -> 20150933 | B10: =Liste!B10 -> CORNU | C10: =Liste!C10 -> Bastien | D10: =Liste!D10 -> 2-C | E10: =IF(AND('Detail Notes S3'!E10>10 , 'Detail Notes S3'!G10 > 8 , 'Detail Notes S3'!H10>8 , 'Detail Notes S3'!I10> 8), "validé", "non validé") -> non validé | F10: =IF(E10="validé","",IF('Detail Notes S3'!G10>10,"validé","non validé")) -> non validé | G10: =IF(E10="validé","",IF('Detail Notes S3'!H10>10,"validé","non validé")) -> non validé | H10: =IF(E10="validé","",IF('Detail Notes S3'!I10>10,"validé","non validé")) -> validé
A11: =Liste!A11 -> 20150934 | B11: =Liste!B11 -> DACHY | C11: =Liste!C11 -> Remy | D11: =Liste!D11 -> 2-B | E11: =IF(AND('Detail Notes S3'!E11>10 , 'Detail Notes S3'!G11 > 8 , 'Detail Notes S3'!H11>8 , 'Detail Notes S3'!I11> 8), "validé", "non validé") -> validé | F11: =IF(E11="validé","",IF('Detail Notes S3'!G11>10,"validé","non validé")) | G11: =IF(E11="validé","",IF('Detail Notes S3'!H11>10,"validé","non validé")) | H11: =IF(E11="validé","",IF('Detail Notes S3'!I11>10,"validé","non validé"))
A12: =Liste!A12 -> 20150935 | B12: =Liste!B12 -> DANGLETERRE | C12: =Liste!C12 -> Thomas | D12: =Liste!D12 -> 2-C | E12: =IF(AND('Detail Notes S3'!E12>10 , 'Detail Notes S3'!G12 > 8 , 'Detail Notes S3'!H12>8 , 'Detail Notes S3'!I12> 8), "validé", "non validé") -> validé | F12: =IF(E12="validé","",IF('Detail Notes S3'!G12>10,"validé","non validé")) | G12: =IF(E12="validé","",IF('Detail Notes S3'!H12>10,"validé","non validé")) | H12: =IF(E12="validé","",IF('Detail Notes S3'!I12>10,"validé","non validé"))
A13: =Liste!A13 -> 20150936 | B13: =Liste!B13 -> DEBACKER | C13: =Liste!C13 -> Thomas | D13: =Liste!D13 -> 2-C | E13: =IF(AND('Detail Notes S3'!E13>10 , 'Detail Notes S3'!G13 > 8 , 'Detail Notes S3'!H13>8 , 'Detail Notes S3'!I13> 8), "validé", "non validé") -> validé | F13: =IF(E13="validé","",IF('Detail Notes S3'!G13>10,"validé","non validé")) | G13: =IF(E13="validé","",IF('Detail Notes S3'!H13>10,"validé","non validé")) | H13: =IF(E13="validé","",IF('Detail Notes S3'!I13>10,"validé","non validé"))
A14: =Liste!A14 -> 20150937 | B14: =Liste!B14 -> DELBREUVE | C14: =Liste!C14 -> Benjamin | D14: =Liste!D14 -> 2-C | E14: =IF(AND('Detail Notes S3'!E14>10 , 'Detail Notes S3'!G14 > 8 , 'Detail Notes S3'!H14>8 , 'Detail Notes S3'!I14> 8), "validé", "non validé") -> validé | F14: =IF(E14="validé","",IF('Detail Notes S3'!G14>10,"validé","non validé")) | G14: =IF(E14="validé","",IF('Detail Notes S3'!H14>10,"validé","non validé")) | H14: =IF(E14="validé","",IF('Detail Notes S3'!I14>10,"validé","non validé"))
A15: =Liste!A15 -> 20150938 | B15: =Liste!B15 -> DEROSNE | C15: =Liste!C15 -> Florentin | D15: =Liste!D15 -> 2-B | E15: =IF(AND('Detail Notes S3'!E15>10 , 'Detail Notes S3'!G15 > 8 , 'Detail Notes S3'!H15>8 , 'Detail Notes S3'!I15> 8), "validé", "non validé") -> validé | F15: =IF(E15="validé","",IF('Detail Notes S3'!G15>10,"validé","non validé")) | G15: =IF(E15="validé","",IF('Detail Notes S3'!H15>10,"validé","non validé")) | H15: =IF(E15="validé","",IF('Detail Notes S3'!I15>10,"validé","non validé"))
A16: =Liste!A16 -> 20150939 | B16: =Liste!B16 -> DUHAUT | C16: =Liste!C16 -> Thomas | D16: =Liste!D16 -> 2-A | E16: =IF(AND('Detail Notes S3'!E16>10 , 'Detail Notes S3'!G16 > 8 , 'Detail Notes S3'!H16>8 , 'Detail Notes S3'!I16> 8), "validé", "non validé") -> validé | F16: =IF(E16="validé","",IF('Detail Notes S3'!G16>10,"validé","non validé")) | G16: =IF(E16="validé","",IF('Detail Notes S3'!H16>10,"validé","non validé")) | H16: =IF(E16="validé","",IF('Detail Notes S3'!I16>10,"validé","non validé"))
A17: =Liste!A17 -> 20150940 | B17: =Liste!B17 -> DUMETZ | C17: =Liste!C17 -> Joffrey | D17: =Liste!D17 -> 2-C | E17: =IF(AND('Detail Notes S3'!E17>10 , 'Detail Notes S3'!G17 > 8 , 'Detail Notes S3'!H17>8 , 'Detail Notes S3'!I17> 8), "validé", "non validé") -> validé | F17: =IF(E17="validé","",IF('Detail Notes S3'!G17>10,"validé","non validé")) | G17: =IF(E17="validé","",IF('Detail Notes S3'!H17>10,"validé","non validé")) | H17: =IF(E17="validé","",IF('Detail Notes S3'!I17>10,"validé","non validé"))
... A63: =Liste!A63 -> 20150986 | B63: =Liste!B63 -> WICART | C63: =Liste!C63 -> Melvin | D63: =Liste!D63 -> 2-B | E63: =IF(AND('Detail Notes S3'!E63>10 , 'Detail Notes S3'!G63 > 8 , 'Detail Notes S3'!H63>8 , 'Detail Notes S3'!I63> 8), "validé", "non validé") -> validé | F63: =IF(E63="validé","",IF('Detail Notes S3'!G63>10,"validé","non validé")) | G63: =IF(E63="validé","",IF('Detail Notes S3'!H63>10,"validé","non validé")) | H63: =IF(E63="validé","",IF('Detail Notes S3'!I63>10,"validé","non validé"))
A67: Département | B67: INFO
A68: Année | B68: INFO2
A69: Date début | B69: 42614
A70: Date de fin | B70: 31/06/2017
A71: Semestre | B71: S3

Sheet Absences
A1: =Décisions!A1 -> Numéro | B1: =Décisions!B1 -> Nom | C1: =Décisions!C1 -> Prénom | D1: =Décisions!D1 -> Groupe | E1: ABI | F1: UE31 | H1: UE32 | J1: UE33
D2: seuil | E2: 0.11 | F2: J | G2: NJ | H2: J | I2: NJ | J2: J | K2: NJ
A3: =Décisions!A3 -> 20150926 | B3: =Décisions!B3 -> BAUDELET | C3: =Décisions!C3 -> Geoffrey | D3: =Décisions!D3 -> 2-B | E3: =IF(OR(G3>$E$2,I3>$E$2,K3>$E$2),"ABI", "") | F3: =RANDBETWEEN(0,120)/1000 -> 0.009 | G3: =RANDBETWEEN(0,120)/1000 -> 0.065 | H3: =RANDBETWEEN(0,120)/1000 -> 0.013 | I3: =RANDBETWEEN(0,120)/1000 -> 0.108 | J3: =RANDBETWEEN(0,120)/1000 -> 0.022 | K3: =RANDBETWEEN(0,120)/1000 -> 0.094
A4: =Décisions!A4 -> 20150927 | B4: =Décisions!B4 -> BIGARD | C4: =Décisions!C4 -> Samuel | D4: =Décisions!D4 -> 2-C | E4: =IF(OR(G4>$E$2,I4>$E$2,K4>$E$2),"ABI", "") | F4: =RANDBETWEEN(0,120)/1000 -> 0.099 | G4: =RANDBETWEEN(0,120)/1000 -> 0.087 | H4: =RANDBETWEEN(0,120)/1000 -> 0.028 | I4: =RANDBETWEEN(0,120)/1000 -> 0.074 | J4: =RANDBETWEEN(0,120)/1000 -> 0.051 | K4: =RANDBETWEEN(0,120)/1000 -> 0.031
A5: =Décisions!A5 -> 20150928 | B5: =Décisions!B5 -> BISSON | C5: =Décisions!C5 -> Julien | D5: =Décisions!D5 -> 2-A | E5: =IF(OR(G5>$E$2,I5>$E$2,K5>$E$2),"ABI", "") -> ABI | F5: =RANDBETWEEN(0,120)/1000 -> 0.064 | G5: =RANDBETWEEN(0,120)/1000 -> 0.113 | H5: =RANDBETWEEN(0,120)/1000 -> 0.077 | I5: =RANDBETWEEN(0,120)/1000 -> 0.024 | J5: =RANDBETWEEN(0,120)/1000 -> 0.009 | K5: =RANDBETWEEN(0,120)/1000 -> 0.054
A6: =Décisions!A6 -> 20150929 | B6: =Décisions!B6 -> BONTE | C6: =Décisions!C6 -> Nicolas | D6: =Décisions!D6 -> 2-A | E6: =IF(OR(G6>$E$2,I6>$E$2,K6>$E$2),"ABI", "") | F6: =RANDBETWEEN(0,120)/1000 -> 0.063 | G6: =RANDBETWEEN(0,120)/1000 -> 0.052 | H6: =RANDBETWEEN(0,120)/1000 -> 0.044 | I6: =RANDBETWEEN(0,120)/1000 -> 0.015 | J6: =RANDBETWEEN(0,120)/1000 -> 0.033 | K6: =RANDBETWEEN(0,120)/1000 -> 0.02
A7: =Décisions!A7 -> 20150930 | B7: =Décisions!B7 -> BOULNOIS | C7: =Décisions!C7 -> Louis | D7: =Décisions!D7 -> 2-A | E7: =IF(OR(G7>$E$2,I7>$E$2,K7>$E$2),"ABI", "") | F7: =RANDBETWEEN(0,120)/1000 -> 0.066 | G7: =RANDBETWEEN(0,120)/1000 -> 0.002 | H7: =RANDBETWEEN(0,120)/1000 -> 0.034 | I7: =RANDBETWEEN(0,120)/1000 -> 0.078 | J7: =RANDBETWEEN(0,120)/1000 -> 0.037 | K7: =RANDBETWEEN(0,120)/1000 -> 0.046
A8: =Décisions!A8 -> 20150931 | B8: =Décisions!B8 -> CHATELET | C8: =Décisions!C8 -> Hadrien | D8: =Décisions!D8 -> 2-B | E8: =IF(OR(G8>$E$2,I8>$E$2,K8>$E$2),"ABI", "") | F8: =RANDBETWEEN(0,120)/1000 -> 0.049 | G8: =RANDBETWEEN(0,120)/1000 -> 0.105 | H8: =RANDBETWEEN(0,120)/1000 -> 0.014 | I8: =RANDBETWEEN(0,120)/1000 -> 0 | J8: =RANDBETWEEN(0,120)/1000 -> 0.092 | K8: =RANDBETWEEN(0,120)/1000 -> 0.001
A9: =Décisions!A9 -> 20150932 | B9: =Décisions!B9 -> CLEROT | C9: =Décisions!C9 -> Jérémy | D9: =Décisions!D9 -> 2-C | E9: =IF(OR(G9>$E$2,I9>$E$2,K9>$E$2),"ABI", "") | F9: =RANDBETWEEN(0,120)/1000 -> 0.1 | G9: =RANDBETWEEN(0,120)/1000 -> 0 | H9: =RANDBETWEEN(0,120)/1000 -> 0.014 | I9: =RANDBETWEEN(0,120)/1000 -> 0.07 | J9: =RANDBETWEEN(0,120)/1000 -> 0.043 | K9: =RANDBETWEEN(0,120)/1000 -> 0.04
A10: =Décisions!A10 -> 20150933 | B10: =Décisions!B10 -> CORNU | C10: =Décisions!C10 -> Bastien | D10: =Décisions!D10 -> 2-C | E10: =IF(OR(G10>$E$2,I10>$E$2,K10>$E$2),"ABI", "") | F10: =RANDBETWEEN(0,120)/1000 -> 0.021 | G10: =RANDBETWEEN(0,120)/1000 -> 0.036 | H10: =RANDBETWEEN(0,120)/1000 -> 0.037 | I10: =RANDBETWEEN(0,120)/1000 -> 0.014 | J10: =RANDBETWEEN(0,120)/1000 -> 0.107 | K10: =RANDBETWEEN(0,120)/1000 -> 0.039
A11: =Décisions!A11 -> 20150934 | B11: =Décisions!B11 -> DACHY | C11: =Décisions!C11 -> Remy | D11: =Décisions!D11 -> 2-B | E11: =IF(OR(G11>$E$2,I11>$E$2,K11>$E$2),"ABI", "") -> ABI | F11: =RANDBETWEEN(0,120)/1000 -> 0.113 | G11: =RANDBETWEEN(0,120)/1000 -> 0.116 | H11: =RANDBETWEEN(0,120)/1000 -> 0.055 | I11: =RANDBETWEEN(0,120)/1000 -> 0.063 | J11: =RANDBETWEEN(0,120)/1000 -> 0.095 | K11: =RANDBETWEEN(0,120)/1000 -> 0.088
A12: =Décisions!A12 -> 20150935 | B12: =Décisions!B12 -> DANGLETERRE | C12: =Décisions!C12 -> Thomas | D12: =Décisions!D12 -> 2-C | E12: =IF(OR(G12>$E$2,I12>$E$2,K12>$E$2),"ABI", "") | F12: =RANDBETWEEN(0,120)/1000 -> 0.113 | G12: =RANDBETWEEN(0,120)/1000 -> 0.002 | H12: =RANDBETWEEN(0,120)/1000 -> 0.038 | I12: =RANDBETWEEN(0,120)/1000 -> 0.016 | J12: =RANDBETWEEN(0,120)/1000 -> 0.075 | K12: =RANDBETWEEN(0,120)/1000 -> 0.032
A13: =Décisions!A13 -> 20150936 | B13: =Décisions!B13 -> DEBACKER | C13: =Décisions!C13 -> Thomas | D13: =Décisions!D13 -> 2-C | E13: =IF(OR(G13>$E$2,I13>$E$2,K13>$E$2),"ABI", "") | F13: =RANDBETWEEN(0,120)/1000 -> 0.055 | G13: =RANDBETWEEN(0,120)/1000 -> 0.04 | H13: =RANDBETWEEN(0,120)/1000 -> 0.089 | I13: =RANDBETWEEN(0,120)/1000 -> 0.069 | J13: =RANDBETWEEN(0,120)/1000 -> 0.044 | K13: =RANDBETWEEN(0,120)/1000 -> 0.064
A14: =Décisions!A14 -> 20150937 | B14: =Décisions!B14 -> DELBREUVE | C14: =Décisions!C14 -> Benjamin | D14: =Décisions!D14 -> 2-C | E14: =IF(OR(G14>$E$2,I14>$E$2,K14>$E$2),"ABI", "") -> ABI | F14: =RANDBETWEEN(0,120)/1000 -> 0.083 | G14: =RANDBETWEEN(0,120)/1000 -> 0.116 | H14: =RANDBETWEEN(0,120)/1000 -> 0.12 | I14: =RANDBETWEEN(0,120)/1000 -> 0.037 | J14: =RANDBETWEEN(0,120)/1000 -> 0.09 | K14: =RANDBETWEEN(0,120)/1000 -> 0.093
... A63: =Décisions!A63 -> 20150986 | B63: =Décisions!B63 -> WICART | C63: =Décisions!C63 -> Melvin | D63: =Décisions!D63 -> 2-B | E63: =IF(OR(G63>$E$2,I63>$E$2,K63>$E$2),"ABI", "") -> ABI | F63: =RANDBETWEEN(0,120)/1000 -> 0.019 | G63: =RANDBETWEEN(0,120)/1000 -> 0.074 | H63: =RANDBETWEEN(0,120)/1000 -> 0.042 | I63: =RANDBETWEEN(0,120)/1000 -> 0.111 | J63: =RANDBETWEEN(0,120)/1000 -> 0.07 | K63: =RANDBETWEEN(0,120)/1000 -> 0.044
A64: xxxxxxxxx
A67: Département | B67: INFO
A68: Année | B68: INFO2
A69: Date début | B69: 42614
A70: Date de fin | B70: 31/06/2017
A71: Semestre | B71: S3

Sheet SE3
A1: ='Detail Notes S3'!A1 -> Numéro | B1: ='Detail Notes S3'!B1 -> Nom | C1: ='Detail Notes S3'!C1 -> Prénom | D1: ='Detail Notes S3'!D1 -> Groupe | E1: Moyenne | F1: Rang
A3: ='Detail Notes S3'!A3 -> 20150926 | B3: ='Detail Notes S3'!B3 -> BAUDELET | C3: ='Detail Notes S3'!C3 -> Geoffrey | D3: ='Detail Notes S3'!D3 -> 2-B | E3: =RANDBETWEEN(50,200)/10 -> 11.3 | F3: =RANK(E3,$E$3:$E$63) -> 32
A4: ='Detail Notes S3'!A4 -> 20150927 | B4: ='Detail Notes S3'!B4 -> BIGARD | C4: ='Detail Notes S3'!C4 -> Samuel | D4: ='Detail Notes S3'!D4 -> 2-C | E4: =RANDBETWEEN(50,200)/10 -> 12.3 | F4: =RANK(E4,$E$3:$E$63) -> 23
A5: ='Detail Notes S3'!A5 -> 20150928 | B5: ='Detail Notes S3'!B5 -> BISSON | C5: ='Detail Notes S3'!C5 -> Julien | D5: ='Detail Notes S3'!D5 -> 2-A | E5: =RANDBETWEEN(50,200)/10 -> 17.3 | F5: =RANK(E5,$E$3:$E$63) -> 8
A6: ='Detail Notes S3'!A6 -> 20150929 | B6: ='Detail Notes S3'!B6 -> BONTE | C6: ='Detail Notes S3'!C6 -> Nicolas | D6: ='Detail Notes S3'!D6 -> 2-A | E6: =RANDBETWEEN(50,200)/10 -> 6 | F6: =RANK(E6,$E$3:$E$63) -> 57
A7: ='Detail Notes S3'!A7 -> 20150930 | B7: ='Detail Notes S3'!B7 -> BOULNOIS | C7: ='Detail Notes S3'!C7 -> Louis | D7: ='Detail Notes S3'!D7 -> 2-A | E7: =RANDBETWEEN(50,200)/10 -> 12.2 | F7: =RANK(E7,$E$3:$E$63) -> 25
A8: ='Detail Notes S3'!A8 -> 20150931 | B8: ='Detail Notes S3'!B8 -> CHATELET | C8: ='Detail Notes S3'!C8 -> Hadrien | D8: ='Detail Notes S3'!D8 -> 2-B | E8: =RANDBETWEEN(50,200)/10 -> 16 | F8: =RANK(E8,$E$3:$E$63) -> 14
A9: ='Detail Notes S3'!A9 -> 20150932 | B9: ='Detail Notes S3'!B9 -> CLEROT | C9: ='Detail Notes S3'!C9 -> Jérémy | D9: ='Detail Notes S3'!D9 -> 2-C | E9: =RANDBETWEEN(50,200)/10 -> 8.4 | F9: =RANK(E9,$E$3:$E$63) -> 48
A10: ='Detail Notes S3'!A10 -> 20150933 | B10: ='Detail Notes S3'!B10 -> CORNU | C10: ='Detail Notes S3'!C10 -> Bastien | D10: ='Detail Notes S3'!D10 -> 2-C | E10: =RANDBETWEEN(50,200)/10 -> 5.5 | F10: =RANK(E10,$E$3:$E$63) -> 58
A11: ='Detail Notes S3'!A11 -> 20150934 | B11: ='Detail Notes S3'!B11 -> DACHY | C11: ='Detail Notes S3'!C11 -> Remy | D11: ='Detail Notes S3'!D11 -> 2-B | E11: =RANDBETWEEN(50,200)/10 -> 7.5 | F11: =RANK(E11,$E$3:$E$63) -> 51
A12: ='Detail Notes S3'!A12 -> 20150935 | B12: ='Detail Notes S3'!B12 -> DANGLETERRE | C12: ='Detail Notes S3'!C12 -> Thomas | D12: ='Detail Notes S3'!D12 -> 2-C | E12: =RANDBETWEEN(50,200)/10 -> 15.9 | F12: =RANK(E12,$E$3:$E$63) -> 16
A13: ='Detail Notes S3'!A13 -> 20150936 | B13: ='Detail Notes S3'!B13 -> DEBACKER | C13: ='Detail Notes S3'!C13 -> Thomas | D13: ='Detail Notes S3'!D13 -> 2-C | E13: =RANDBETWEEN(50,200)/10 -> 10.3 | F13: =RANK(E13,$E$3:$E$63) -> 38
A14: ='Detail Notes S3'!A14 -> 20150937 | B14: ='Detail Notes S3'!B14 -> DELBREUVE | C14: ='Detail Notes S3'!C14 -> Benjamin | D14: ='Detail Notes S3'!D14 -> 2-C | E14: =RANDBETWEEN(50,200)/10 -> 12 | F14: =RANK(E14,$E$3:$E$63) -> 27
... A63: ='Detail Notes S3'!A63 -> 20150986 | B63: ='Detail Notes S3'!B63 -> WICART | C63: ='Detail Notes S3'!C63 -> Melvin | D63: ='Detail Notes S3'!D63 -> 2-B | E63: =RANDBETWEEN(50,200)/10 -> 5 | F63: =RANK(E63,$E$3:$E$63) -> 61
A64: ='Detail Notes S3'!A64 -> xxxxxxxxx | C64: ='Detail Notes S3'!C64 -> Moyenne
A67: ='Detail Notes S3'!A67 -> Département | B67: ='Detail Notes S3'!B67 -> INFO
A68: ='Detail Notes S3'!A68 -> Année | B68: ='Detail Notes S3'!B68 -> INFO2
A69: ='Detail Notes S3'!A69 -> Date début | B69: ='Detail Notes S3'!B69 -> 42614
A70: ='Detail Notes S3'!A70 -> Date de fin | B70: 42735
A71: ='Detail Notes S3'!A71 -> Semestre | B71: ='Detail Notes S3'!B71 -> S3
A72: Code | B72: M3101
A73: Intitulé | B73: Principes des systèmes d'exploitation
A74: Coefficient | B74: 2.5
A75: Responsable | B75: Olivier Roussel
A76: Moyenne | B76: =AVERAGE(E3:E63) -> 12
A77: Max | B77: =MAX(E3:E63) -> 20
A78: Min | B78: =MIN(E3:E63) -> 5

Sheet RX2
A1: ='Detail Notes S3'!A1 -> Numéro | B1: ='Detail Notes S3'!B1 -> Nom | C1: ='Detail Notes S3'!C1 -> Prénom | D1: ='Detail Notes S3'!D1 -> Groupe | E1: Moyenne | F1: Rang
A3: ='Detail Notes S3'!A3 -> 20150926 | B3: ='Detail Notes S3'!B3 -> BAUDELET | C3: ='Detail Notes S3'!C3 -> Geoffrey | D3: ='Detail Notes S3'!D3 -> 2-B | E3: =RANDBETWEEN(50,200)/10 -> 13 | F3: =RANK(E3,$E$3:$E$63) -> 28
A4: ='Detail Notes S3'!A4 -> 20150927 | B4: ='Detail Notes S3'!B4 -> BIGARD | C4: ='Detail Notes S3'!C4 -> Samuel | D4: ='Detail Notes S3'!D4 -> 2-C | E4: =RANDBETWEEN(50,200)/10 -> 16.4 | F4: =RANK(E4,$E$3:$E$63) -> 13
A5: ='Detail Notes S3'!A5 -> 20150928 | B5: ='Detail Notes S3'!B5 -> BISSON | C5: ='Detail Notes S3'!C5 -> Julien | D5: ='Detail Notes S3'!D5 -> 2-A | E5: =RANDBETWEEN(50,200)/10 -> 15.3 | F5: =RANK(E5,$E$3:$E$63) -> 19
A6: ='Detail Notes S3'!A6 -> 20150929 | B6: ='Detail Notes S3'!B6 -> BONTE | C6: ='Detail Notes S3'!C6 -> Nicolas | D6: ='Detail Notes S3'!D6 -> 2-A | E6: =RANDBETWEEN(50,200)/10 -> 9.4 | F6: =RANK(E6,$E$3:$E$63) -> 46
A7: ='Detail Notes S3'!A7 -> 20150930 | B7: ='Detail Notes S3'!B7 -> BOULNOIS | C7: ='Detail Notes S3'!C7 -> Louis | D7: ='Detail Notes S3'!D7 -> 2-A | E7: =RANDBETWEEN(50,200)/10 -> 19.9 | F7: =RANK(E7,$E$3:$E$63) -> 1
A8: ='Detail Notes S3'!A8 -> 20150931 | B8: ='Detail Notes S3'!B8 -> CHATELET | C8: ='Detail Notes S3'!C8 -> Hadrien | D8: ='Detail Notes S3'!D8 -> 2-B | E8: =RANDBETWEEN(50,200)/10 -> 19 | F8: =RANK(E8,$E$3:$E$63) -> 4
A9: ='Detail Notes S3'!A9 -> 20150932 | B9: ='Detail Notes S3'!B9 -> CLEROT | C9: ='Detail Notes S3'!C9 -> Jérémy | D9: ='Detail Notes S3'!D9 -> 2-C | E9: =RANDBETWEEN(50,200)/10 -> 5 | F9: =RANK(E9,$E$3:$E$63) -> 61
A10: ='Detail Notes S3'!A10 -> 20150933 | B10: ='Detail Notes S3'!B10 -> CORNU | C10: ='Detail Notes S3'!C10 -> Bastien | D10: ='Detail Notes S3'!D10 -> 2-C | E10: =RANDBETWEEN(50,200)/10 -> 14.1 | F10: =RANK(E10,$E$3:$E$63) -> 23
A11: ='Detail Notes S3'!A11 -> 20150934 | B11: ='Detail Notes S3'!B11 -> DACHY | C11: ='Detail Notes S3'!C11 -> Remy | D11: ='Detail Notes S3'!D11 -> 2-B | E11: =RANDBETWEEN(50,200)/10 -> 14.7 | F11: =RANK(E11,$E$3:$E$63) -> 21
A12: ='Detail Notes S3'!A12 -> 20150935 | B12: ='Detail Notes S3'!B12 -> DANGLETERRE | C12: ='Detail Notes S3'!C12 -> Thomas | D12: ='Detail Notes S3'!D12 -> 2-C | E12: =RANDBETWEEN(50,200)/10 -> 19.3 | F12: =RANK(E12,$E$3:$E$63) -> 3
A13: ='Detail Notes S3'!A13 -> 20150936 | B13: ='Detail Notes S3'!B13 -> DEBACKER | C13: ='Detail Notes S3'!C13 -> Thomas | D13: ='Detail Notes S3'!D13 -> 2-C | E13: =RANDBETWEEN(50,200)/10 -> 6.3 | F13: =RANK(E13,$E$3:$E$63) -> 56
A14: ='Detail Notes S3'!A14 -> 20150937 | B14: ='Detail Notes S3'!B14 -> DELBREUVE | C14: ='Detail Notes S3'!C14 -> Benjamin | D14: ='Detail Notes S3'!D14 -> 2-C | E14: =RANDBETWEEN(50,200)/10 -> 16.4 | F14: =RANK(E14,$E$3:$E$63) -> 13
... A63: ='Detail Notes S3'!A63 -> 20150986 | B63: ='Detail Notes S3'!B63 -> WICART | C63: ='Detail Notes S3'!C63 -> Melvin | D63: ='Detail Notes S3'!D63 -> 2-B | E63: =RANDBETWEEN(50,200)/10 -> 8.9 | F63: =RANK(E63,$E$3:$E$63) -> 49
A64: =SE3!A64 -> xxxxxxxxx | C64: =SE3!C64 -> Moyenne
A67: =SE3!A67 -> Département | B67: =SE3!B67 -> INFO
A68: =SE3!A68 -> Année | B68: =SE3!B68 -> INFO2
A69: =SE3!A69 -> Date début | B69: =SE3!B69 -> 42614
A70: =SE3!A70 -> Date de fin | B70: 42735
A71: =SE3!A71 -> Semestre | B71: =SE3!B71 -> S3
A72: Code | B72: M3102
A73: Intitulé | B73: Services réseaux
A74: Coefficient | B74: 1.5
A75: Responsable | B75: Jean François Condotta
A76: Moyenne | B76: =AVERAGE(E3:E63) -> 12.781967
A77: Max | B77: =MAX(E3:E63) -> 19.9
A78: Min | B78: =MIN(E3:E63) -> 5
